Korece,Türkçe,Kelime Türü Türkçesi,Kelime Türü Korecesi,Kullanım Notu,Seviye
~놓다,devam ettirmek,yardımcı fiil,보,Eylemin devam ettirilmesi anlamında kullanılır.,A
~드리다,vermek (saygılı),yardımcı fiil,보,Saygılı ifadeyle eylemin devamını belirtir.,A
~보다,-e göre,zarf,부,Karşılaştırma yaparken miktarın veya derecenin üstün olduğunu ifade eder.,A
~오다,gelmek,yardımcı fiil,보,Eylemin devamlılığını veya tamamlanmakta olduğunu ifade eder.,A
~있다,devam etmek,yardımcı fiil,보,Eylemin sürmekte olduğunu ifade eder.,A
~지 말다,yapmamak,yardımcı fiil,보,Genellikle gereksiz veya yapılmaması gereken eylemleri ifade eder.,A
가게,dükkan,isim,명,"Küçük işletme, perakende satış yeri",A
가격,fiyat,İsim,명,Bir mal veya hizmetin belirlenen değeri.,A
가구,mobilya,İsim,명,Ev veya ofislerde kullanılan eşyalar.,A
가깝다,yakın olmak,fiil,형,"Mesafe olarak kısa olmak, yakınlığı belirtir",A
가끔,bazen,zarf,부,"Zaman zaman, ara sıra",A
가다,gitmek,fiil,동,Bir yere hareket etmek,A
가르치다,öğretmek,fiil,동,"Bilgi aktarmak, ders vermek",A
가방,çanta,isim,명,"Taşıma çantası, torba",A
가볍다,hafif olmak,fiil,형,Ağırlığının az olduğunu ifade eder,A
가수,şarkıcı,isim,명,Şarkı söyleyen kişi,A
가슴,göğüs,isim,명,Üst gövde bölgesi,A
가운데,ortada,isim,명,Bir şeyin tam orta kısmı,A
가을,sonbahar,isim,명,Mevsim olarak sonbahar,A
가장,en çok,zarf,부,Miktar ya da derece belirtir,A
가져오다,getirmek,fiil,동,Bir şeyi bir yerden alıp getirmek,A
가족,aile,isim,명,Kan bağı veya evde yaşayan kişiler,A
가지다,sahip olmak,fiil,동,"Bir şeye sahip olmak, elde etmek",A
각,"her, her bir",Sıfat,관,Bir grup içindeki her bir öğeyi ifade eder.,A
간,"sırasında, esnasında",İsim,의,"Bir olayın gerçekleştiği zamanı veya iki şey arasındaki ilişkiyi ifade eder. Örneğin, 부부간 (karı koca arasındaki ilişki) gibi kelimelerle birlikte kullanılır.",A
간호사,hemşire,isim,명,Sağlık hizmeti veren kişi,A
갈비,kaburga,isim,명,Etin kemik kenarındaki kısmı (yemeklerde kullanılır),A
감기,nezle,isim,명,"Üst solunum yolu enfeksiyonu, soğuk algınlığı",A
감사,teşekkür,isim,명,"Minnettarlık ifadesi, teşekkür etme",A
감사하다,teşekkür etmek,fiil,동,Birine minnettarlık belirtmek,A
감사하다,minnettar olmak,fiil,형,Minnettar duygusu beslemek,A
갑자기,aniden,zarf,부,"Beklenmedik şekilde, ani olarak",A
값,fiyat,isim,명,Bir ürünün satış değeri,A
강,nehir,isim,명,"Doğal su akıntısı, ırmak",A
같다,aynı olmak,fiil,형,İki şeyin eşit ya da benzer olduğunu belirtir,A
같이,birlikte,zarf,부,"Bir arada, beraber",A
개,köpek,isim,명,Evcil hayvan,A
개,adet,sayı,의,Nesneleri sayma birimi,A
개월,ay,sayı,의,Ay sayma birimi,A
거,o şey,zamir,대,Belirli olmayan nesneyi işaret eder,A
거기,orada,zamir,대,Uzakta işaret edilen yer,A
거리,sokak,isim,명,"Yol, sokak",A
거울,ayna,isim,명,Yansıma veya örnek; bazen model olarak kullanılır,A
걱정,endişe,isim,명,"Kaygı, üzüntü",A
걱정하다,endişelenmek,fiil,동,Kaygı duymak,A
건강,sağlık,isim,명,"Vücut sağlığı, genel sağlık durumu",A
건강하다,sağlıklı olmak,fiil,형,Sağlıklı durumda olmak,A
건물,bina,isim,명,"Yapı, inşaat",A
걷다,yürümek,fiil,동,Yaya olarak hareket etmek,A
걸다,asmak,fiil,동,Bir şeyi asılı bırakmak,A
걸어가다,yürüyerek gitmek,fiil,동,Yaya olarak bir yere gitmek,A
걸어오다,yürüyerek gelmek,fiil,동,Yaya olarak gelmek,A
검은색,siyah,isim,명,Renk olarak siyah,A
것,şey,isim,의,Belirli olmayan nesne veya varlık,A
게임,oyun,isim,명,Eğlence amacıyla oynanan etkinlik,A
겨울,kış,isim,명,Mevsim olarak kış,A
결혼,evlilik,isim,명,"Nikah, evlilik ilişkisi",A
결혼식,düğün,isim,명,Evlilik töreni,A
결혼하다,evlenmek,fiil,동,Evlilik yapmak,A
경복궁,Gyeongbok Sarayı,isim,고,Seul’deki tarihi saray,A
경찰,polis,isim,명,"Emniyet teşkilatı, kolluk kuvveti",A
경찰관,polis memuru,isim,명,Kolluk görevlisi,A
경찰서,polis merkezi,isim,명,Polis karakolunun bulunduğu yer,A
경치,manzara,isim,명,Doğa veya şehir manzarası,A
계란,yumurta,isim,명,"Yumurta, gıda maddesi",A
계속,sürekli,zarf,부,"Aralıksız, durmaksızın devam eden",A
계시다,bulunmak,fiil,동,Saygı ifadesiyle yerinde olmak,A
계시다,ikamet etmek,fiil,보,Saygı ifadesiyle ikamet etmek,A
계절,mevsim,isim,명,Yılın dört mevsimi,A
계획,plan,isim,명,Bir proje veya taslak,A
고기,et,isim,명,Yemek için hayvansal ürün,A
고등학교,lise,isim,명,Ortaöğretim kurumu,A
고등학생,lise öğrencisi,isim,명,Lise düzeyindeki öğrenci,A
고맙다,minnettar olmak,fiil,형,"Minnettar olmak, teşekkür duymak",A
고모,hala,İsim,명,Babanın kız kardeşi.,A
고모부,enişte,İsim,명,Halanın eşi.,A
고속버스,ekspres otobüs,İsim,명,Şehirler arası hızlı otobüs seferleri için kullanılan terim.,A
고양이,kedi,isim,명,Evcil hayvan,A
고추장,gochujang (acı biber ezmesi),İsim,명,Kore mutfağında kullanılan geleneksel acı biber ezmesi.,A
고프다,aç olmak,fiil,형,Yemek yemeye ihtiyaç duymak,A
고프다,aç (acıkmış),Sıfat,형,Açlık hissini ifade eder. Genellikle 배가 고프다 (karnı aç olmak) şeklinde kullanılır.,A
고향,memleket,isim,명,"Doğup büyüdüğün yer, vatan",A
곧,yakında,zarf,부,Kısa süre içinde,A
골목,ara sokak,İsim,명,Binalar arasındaki dar sokak veya geçit.,A
곱다,"(eski) güzel, nazik",Sıfat,형,"Günlük dilde nadiren kullanılır, edebî bir terimdir.",A
곳,yer,isim,명,Belirli bir mekan veya nokta,A
공,top,isim,명,Yuvarlak oyun nesnesi,A
공간,"mekân, boşluk",İsim,명,Fiziksel veya soyut bir boşluk.,A
공기,hava,İsim,명,Solunan atmosferik hava.,A
공무원,devlet memuru,İsim,명,Devlet kurumlarında çalışan görevli.,A
공부,çalışma,isim,명,"Bilgi edinme, ders çalışma süreci",A
공부하다,çalışmak,fiil,동,"Öğrenmek, ders çalışmak",A
공원,park,isim,명,Açık hava dinlenme alanı,A
공중전화,kamu telefonu,isim,명,Halka açık telefon,A
공중전화,ankesörlü telefon,İsim,명,"Halkın kullanımına açık, genellikle jeton veya kartla çalışan telefon.",A
공짜,bedava,İsim (argo),명,"Günlük dilde ""ücretsiz"" anlamına gelen argo bir kelime.",A
공책,defter,isim,명,Not almak için kullanılan defter,A
공항,havaalanı,isim,명,Uçak seferlerinin gerçekleştiği yer,A
공휴일,resmi tatil,isim,명,Devlet tarafından belirlenen tatil günü,A
공휴일,resmî tatil,İsim,명,Devlet tarafından belirlenen tatil günleri için kullanılır.,A
과,ders,isim,명,Eğitimde alınan ders veya bölüm,A
과,ders; bölüm,İsim,명,Üniversitede akademik bölüm veya okul dersi anlamında kullanılır.,A
과거,geçmiş,İsim,명,Geçmiş zaman veya olayları ifade eder.,A
과일,meyve,isim,명,Yenilebilir meyve,A
과자,atıştırmalık,isim,명,"Tatlı veya tuzlu, aperatif gıda",A
과학,bilim,İsim,명,Fen bilimleri ve bilimsel çalışmalar için kullanılan terim.,A
관계,ilişki,İsim,명,Kişiler veya şeyler arasındaki bağ.,A
광고,"reklam, ilan",İsim,명,Tanıtım veya duyuru amaçlı içerikler için kullanılır.,A
괜찮다,iyi olmak,fiil,형,Durumun uygun veya sorun olmadığını ifade eder,A
교과서,ders kitabı,isim,명,Okullarda kullanılan eğitim kitabı,A
교수,öğretim,isim,명,"Ders verme, bilgi aktarım süreci (öğretim)",A
교실,sınıf,isim,명,Okulda ders verilen oda,A
교통,ulaşım,isim,명,"Trafik, taşıma",A
교회,kilise,isim,명,"İbadet yeri, Hristiyan kilisesi",A
구,9,sayı,수,"Rakam, 9 sayısı",A
구경,gezinti,isim,명,"Gezerek seyretme keyfi, tur",A
구두,ayakkabı,isim,명,Özellikle resmi kullanımda tercih edilen ayakkabı,A
구름,bulut,isim,명,Gökyüzündeki su buharı topluluğu,A
구십,90,sayı,수,90 sayısını ifade eder,A
구월,Eylül,isim,명,Takvim aylarından biri,A
군인,asker,isim,명,Silahlı kuvvet mensubu,A
권,cilt,isim,의,Kitap veya seri eser cildi,A
귀,kulak,isim,명,Duyma organı,A
그,o,belirteç,관,Belirli nesneyi işaret eden sözcük,A
그거,şu şey,zamir,대,İşaret ettiği nesneyi belirtir.,A
그것,şey,zamir,대,Belirli olmayan nesneyi ifade eder.,A
그곳,orada,zamir,대,Belirli bir yeri işaret etmek için kullanılır.,A
그날,o gün,isim,명,Belirli bir günü belirtmek için kullanılır.,A
그동안,o süre boyunca,isim,명,Belirli bir zaman aralığını ifade eder.,A
그때,o zaman,isim,명,Geçmişte veya gelecekte belli bir anı ifade eder.,A
그래,evet,ünlem,불,"Onaylama, olumlu yanıt verme ifadesidir.",A
그래도,"yine de, rağmen",zarf,부,Zıt koşullarda “yine de” ifadesi verir.,A
그래서,bu yüzden,zarf,부,Nedensellik ilişkisi kurar.,A
그래서,dolayısıyla,zarf,불,Nedensellik belirtirken kullanılır.,A
그러나,ancak,zarf,부,Çelişen durumları belirtirken kullanılır.,A
그러니까,yani,zarf,부,Açıklama ya da sonuç çıkarımında kullanılır.,A
그러면,öyleyse,zarf,부,Koşul cümlelerinde sonucu ifade eder.,A
그런데,ama,zarf,부,Konuşma dilinde zıtlık bildirir.,A
그럼,elbette,zarf,부,Kesinlik veya onay ifade eder.,A
그럼,öyleyse,ünlem,감,Gayri resmi onay ya da şaşkınlık ifadesi olarak kullanılır.,A
그렇다,öyle olmak,sıfat (fiil olarak),형,Bir durumun doğru olduğunu ifade eder. (Sıfat-fiil kullanımı),A
그렇다면,"öyleyse, eğer öyleyse",zarf,부,Sonuç çıkarmada veya öneride kullanılır.,A
그렇지만,fakat,zarf,부,İki cümle arasında zıtlık bildirir.,A
그릇,tabak,isim,명,Yiyecek için kullanılan kap.,A
그리고,ve,zarf,부,Cümleleri birbirine bağlar.,A
그리다,çizmek,fiil,동,Resim yapmak anlamında kullanılır.,A
그림,resim,isim,명,Görsel sanat ürünü veya fotoğraf.,A
그분,o kişi,zamir,대,Saygı ifadesiyle belirli bir kişiyi işaret eder.,A
그쪽,o taraf,zamir,대,Belirli bir yön veya grubun ifadesinde kullanılır.,A
극장,tiyatro,isim,명,Tiyatro gösterilerinin yapıldığı mekan.,A
근처,yakın çevre,isim,명,Bir yerin etrafındaki alanı ifade eder.,A
금요일,cuma,isim,명,Haftanın beşinci günü.,A
급,sınıf,isim,명,Eğitim veya derece belirtiminde kullanılır.,A
기념일,"yıldönümü, anma günü",isim,명,"Özel günlerin, anma veya kutlama günlerinin ifadesi.",A
기다리다,beklemek,fiil,동,Bir şeyin gerçekleşmesini beklemek.,A
기분,ruh hali,isim,명,Duygu veya his durumunu ifade eder.,A
기숙사,yurt,isim,명,Öğrencilerin konakladığı yurt veya yurt benzeri yer.,A
기억하다,hatırlamak,fiil,동,Geçmiş anıları veya bilgileri hatırlamak için kullanılır.,A
기차,tren,isim,명,Raylı ulaşım aracı.,A
길,yol,isim,명,Karayolu veya sokak anlamında kullanılır.,A
길다,uzun olmak,sıfat (fiil olarak),형,Boyut veya süre olarak uzunluğu ifade eder.,A
김밥,kimbap,isim,명,Deniz yosunu içine sarılmış pilav ve malzemeden oluşur.,A
김치,kimçi,isim,명,"Fermente, baharatlı lahana yemeği.",A
깊다,derin olmak,sıfat (fiil),형,Mekân veya soyut kavramların derinliğini ifade eder.,A
깎다,kesmek,fiil,동,Bir şeyi keskin veya küçük parçalara ayırmak.,A
깨끗하다,temiz olmak,sıfat (fiil olarak),형,Hijyen veya saflığı belirtir.,A
꼭,kesinlikle,zarf,부,Vurgulama veya kesinlik ifade eder.,A
꽃,çiçek,isim,명,Bitkilerin renkli üreme organı.,A
꿈,rüya,isim,명,Uyku sırasında görülen görsel ve duyusal deneyim.,A
끄다,söndürmek,fiil,동,Işığı ya da ateşi kapatmak için kullanılır.,A
끝,son,isim,명,Bir şeyin tamamlandığını belirtir.,A
끝나다,son bulmak,fiil,동,Sürecin tamamlanmasını ifade eder.,A
끝내다,bitirmek,fiil,동,Bir eylemi tamamlamak.,A
나,ben,zamir,대,Birinci tekil şahıs zamiri.,A
나가다,dışarı çıkmak,fiil,동,Evden veya kapalı alandan çıkmak.,A
나가다,ilerlemek,fiil,보,Hareketin devam ettiğini veya ilerlediğini ifade eder.,A
나다,meydana gelmek,fiil,동,Bir şeyin ortaya çıktığını veya meydana geldiğini belirtir.,A
나라,ülke,isim,명,Coğrafi ve siyasi varlık.,A
나무,ağaç,isim,명,"Odunsu, boyu uzun bitki.",A
나쁘다,kötü olmak,sıfat (fiil olarak),형,Olumsuz özellik veya durum belirtir.,A
나오다,çıkmak,fiil,동,Bir yerden dışarı çıkmak ya da ortaya çıkmak.,A
나이,yaş,isim,명,Bir kişinin veya nesnenin varoluş süresi.,A
나중,sonra,isim,명,Zamanın ileri bir noktasını belirtir.,A
낚시,olta balıkçılığı,İsim,명,Balık tutma etkinliği. Hobi veya meslek olarak yapılabilir.,A
날,gün,isim,명,Takvimdeki bir gün; süre birimi.,A
날다,uçmak,fiil,동,Havada hareket etmek.,A
날씨,hava,isim,명,Atmosferik durumları ifade eder.,A
날짜,tarih,isim,명,"Gün, ay, yıl kombinasyonunu belirtir.",A
남,güney; erkek,İsim,명,"Tek başına nadiren kullanılır, genellikle 남쪽 (güney) veya 남자 (erkek) kelimelerinde bulunur.",A
남녀,erkek ve kadın,isim,명,Cinsiyet ikilisini ifade eder.,A
남녀,kadın ve erkek,İsim,명,Her iki cinsiyeti birlikte ifade eden terim.,A
남대문,Namdaemun,isim,고,Seul’deki tarihi güney kapısını ifade eder.,A
남대문,Namdaemun (Büyük Güney Kapısı),İsim,고,Seul'de bulunan tarihi bir şehir kapısıdır. Genellikle 남대문시장 (Namdaemun Pazarı) ile birlikte anılır.,A
남대문시장,Namdaemun Pazarı,isim,고,Seul’ün ünlü ve tarihi pazar yeri.,A
남대문시장,Namdaemun Pazarı,İsim,고,Seul'deki ünlü bir açık pazarın adıdır.,A
남동생,erkek kardeş,isim,명,Genç erkek kardeşi ifade eder.,A
남동생,(erkek) küçük kardeş,İsim,명,Kişinin erkek küçük kardeşini ifade eder.,A
남북,kuzey ve güney,İsim,명,Genellikle Kore'nin Kuzey ve Güney bölgeleri arasındaki ilişkiler bağlamında kullanılır.,A
남성,erkek (cinsiyet),İsim,명,Resmî dilde erkek cinsiyetini ifade eder.,A
남자,erkek,isim,명,Yetişkin erkek veya erkek cinsiyet.,A
남쪽,güney,isim,명,Yön olarak güneyi belirtir.,A
남쪽,güney (yön),İsim,명,Coğrafi olarak güney yönünü veya bölgesini ifade eder.,A
남편,koca,isim,명,Kadının erkek eşi.,A
남학생,erkek öğrenci,isim,명,Erkek cinsiyetten öğrenci.,A
남학생,erkek öğrenci,İsim,명,Erkek öğrenci anlamına gelir.,A
낮,gündüz,isim,명,Günün aydınlık zamanı.,A
낮다,alçak olmak,sıfat (fiil olarak),형,Yükseklik veya seviyenin düşük olduğunu belirtir.,A
낮잠,şekerleme (gündüz uykusu),İsim,명,"Öğlen vakti kısa süreli uyku, kestirme.",A
내년,gelecek yıl,isim,명,Takvimde sonraki yıl.,A
내다,ödemek,fiil,동,Bir şeyin ücretini ödemek.,A
내다,üretmek,fiil,동,"Bir şeyi ortaya çıkarmak, üretmek.",A
내려가다,aşağı inmek,fiil,동,Bir yerin altına doğru hareket etmek.,A
내려오다,aşağı gelmek,fiil,동,Yüksek bir yerden aşağı doğru hareket etmek.,A
내리다,inmek,fiil,동,Bir şeyin düşerek veya inerek alçalmasını ifade eder.,A
내일,yarın,isim,명,Takvimde bir sonraki gün.,A
내일,yarın,zarf,부,Zaman zarfı olarak geleceği ifade eder.,A
냄비,tencere,İsim,명,Yemek pişirmek için kullanılan mutfak gereci.,A
냄새,koku,İsim,명,Bir nesnenin veya ortamın yayılan kokusu. Hem hoş hem de kötü kokular için kullanılabilir.,A
냉면,soğuk erişte,isim,명,"Genellikle yazın tüketilen, soğuk makarna yemeği.",A
냉장고,buzdolabı,isim,명,Gıdaların saklandığı soğuk cihaz.,A
너,sen,zamir,대,"İkinci tekil şahıs, samimi kullanıma yönelik.",A
너무,çok,zarf,부,Miktarı veya derecesi aşırı ifade eder.,A
넓다,geniş olmak,sıfat (fiil olarak),형,Alan veya yüzeyin geniş olduğunu belirtir.,A
넣다,koymak,fiil,동,Bir nesneyi içine yerleştirmek.,A
네,sen,belirteç,관,Kişiyi veya nesneyi belirtmede kullanılır (samimi ifadede).,A
네,evet,ünlem,감,Onaylama ifadesi olarak kullanılır.,A
넥타이,kravat,isim,명,Resmi giyim aksesuarı.,A
넷,dört,sayı,수,Miktarı belirtir.,A
넷째,dördüncü,sıfat,관,Sıralamada dördüncü olanı ifade eder.,A
년,yıl,ölçü birimi,의,Zamanın yıl cinsinden ölçüsünü belirtir.,A
노란색,sarı,isim,명,Renk olarak sarıyı ifade eder.,A
노래,şarkı,isim,명,Müzikal eser.,A
노래하다,şarkı söylemek,fiil,동,Ses çıkararak müzik icra etmek.,A
노트,not,isim,명,Kısa yazılı mesaj veya not defteri anlamında kullanılabilir.,A
놀다,oynamak,fiil,동,"Eğlenmek, oyun oynamak.",A
놀라다,şaşırmak,fiil,동,Beklenmedik durum karşısında hayrete düşmek.,A
높다,yüksek olmak,sıfat (fiil olarak),형,"Yükseklik, boyut veya seviyenin fazla olduğunu belirtir.",A
놓다,koymak,fiil,동,Bir şeyi belirli bir yere yerleştirmek.,A
누구,kim,zamir,대,Soru zamiri; kişiyi sorgulamak için kullanılır.,A
누나,abla,isim,명,Erkeklerin ablası için kullandığı hitap ifadesi.,A
눈,göz,isim,명,Görme organı.,A
눈,kar,isim,명,Atmosferden düşen buz kristalleri; kış mevsiminde görülür.,A
눈물,gözyaşı,isim,명,Duygu veya irritasyon sonucu gözden akan sıvı.,A
뉴스,haber,isim,명,Güncel olayların bildirimi.,A
늦다,geç kalmak,fiil,동,Randevuya ya da belirli bir zamana yetişememek.,A
늦다,geç olmak,sıfat,형,"Zaman açısından erken olmayan, geç olan durum.",A
다,tüm,isim,명,Bütün öğeleri ifade eder.,A
다,her şey,zarf,부,"Her şeyi kapsayan, bütün anlamında kullanılır.",A
다녀오다,kısa ziyarete gitmek,fiil,동,Kısa süreli gidip gelme eylemini ifade eder.,A
다니다,gidip gelmek ,fiil,동,"Belirli bir yere düzenli olarak gidip gelmek.(okul, kurs, iş vs.)",A
다르다,farklı olmak,sıfat (fiil olarak),형,Benzerlik göstermememek; eşit olmayan.,A
다른,farklı,sıfat,관,Bir şeyin diğerlerinden ayırt edici şekilde farklı olduğunu belirtir.,A
다리,bacak,isim,명,"İnsan veya hayvanın bacağı; bazen ""köprü"" anlamında da kullanılır.",A
다리,köprü,isim,명,İki yer arasında bağlantı sağlayan yapı.,A
다섯,beş,sayı,수,Sayı olarak “beş”.,A
다섯째,beşinci,sıfat,관,Sıralamada beşinci olanı ifade eder.,A
다시,yeniden,zarf,부,"Tekrar, bir eylemin tekrarlandığını belirtir.",A
다음,sonraki,isim,명,Sıradaki veya gelecek olanı ifade eder.,A
닦다,silmek,fiil,동,Yüzeyi temizlemek veya parlatmak amacıyla silmek.,A
단어,kelime,isim,명,Dili oluşturan en küçük anlamlı birim.,A
닫다,kapatmak,fiil,동,Açık olanı kapatmak; bir kapıyı veya pencereyi kapatmak gibi.,A
달,ay,isim,명,Gökyüzündeki uydu; gece görülen cisim.,A
달,ay,isim,명,Zaman kavramı olarak 30 - 31 günlük süre. ,A
달다,tatlı olmak,fiil,형,Lezzetin tatlı olduğunu belirtir.,A
달러,dolar,isim,명,Para birimi olarak kullanılır.,A
달력,takvim,isim,명,Tarihleri gösteren düzenek.,A
닭,tavuk,isim,명,Yiyecek veya evcil hayvan olarak tavuk.,A
닭고기,tavuk eti,isim,명,Yemek için kullanılan tavuk eti.,A
담배,sigara,isim,명,Tütün ürünü; sigara anlamında kullanılır.,A
당신,"sen, siz (resmî)",zamir,대,Resmî hitaplarda kullanılır.,A
대답,cevap,isim,명,Bir soruya verilen yanıt.,A
대답하다,cevap vermek,fiil,동,Soruya yanıt verme eylemini ifade eder.,A
대사관,elçilik,isim,명,Bir ülkenin başka bir ülkedeki diplomatik temsilciliği.,A
대학,üniversite,isim,명,Yükseköğretim kurumu.,A
대학교,üniversite,isim,명,Yükseköğretim kurumu; daha resmi kullanım.,A
대학생,üniversite öğrencisi,isim,명,Üniversitede eğitim gören öğrenci.,A
대화,sohbet,isim,명,İki veya daha fazla kişi arasındaki konuşma.,A
댁,aile,isim,명,Saygılı hitap ifadesiyle ev sahibi aileyi belirtir.,A
더,daha,zarf,부,Miktar veya derecede artışı ifade eder.,A
덥다,sıcak olmak,fiil,형,Havanın veya ortamın sıcak olduğunu belirtir.,A
도서관,kütüphane,isim,명,Kitap ve bilgi kaynaklarının bulunduğu yer.,A
도시,şehir,isim,명,Büyük yerleşim yeri.,A
도와주다,yardım etmek,fiil,동,Birine yardımda bulunmak.,A
도와주다,yardım etmek,fiil,동,Birine destek olmak veya yardım etmek için kullanılır.,A
도착,varış,isim,명,Bir yere ulaşmanın sonucu.,A
도착하다,varmak,fiil,동,Bir yere ulaşmak.,A
독일,Almanya,isim,고,Ülke ismi.,A
돈,para,isim,명,Ekonomik değer taşıyan değişim aracı.,A
돌아가다,geri gitmek,fiil,동,Bir yere geri dönmek.,A
돌아오다,dönmek,fiil,동,Bir yere geri gelmek veya iyileşmek anlamında kullanılır.,A
돕다,yardım etmek,fiil,동,Birine destek olmak veya yardım etmek.,A
동물,hayvan,isim,명,Canlı varlık; hayvan alemi.,A
동생,küçük kardeş,isim,명,Ailede yaşı daha küçük olan kardeş.,A
동안,süresince,isim,명,Belirli bir zaman aralığını ifade eder.,A
동쪽,doğu,isim,명,Yön olarak doğu.,A
돼지,domuz,isim,명,Bir hayvan türü; domuz.,A
돼지고기,domuz eti,isim,명,Yemek için kullanılan domuz eti.,A
되다,olmak,fiil,동,"Bir duruma dönüşmek, haline gelmek.",A
두,iki,sayı,관,Sayı olarak “iki”.,A
둘,iki,sayı,수,Sayı olarak “iki”.,A
둘째,ikinci,sıfat,관,Sıralamada ikinci olanı ifade eder.,A
둘째,ikinci,sayı,수,Sıralama belirten sayı ifadesi.,A
뒤,arka,isim,명,Bir şeyin arka kısmı veya sonrası.,A
드리다,vermek (saygılı),fiil,동,Saygı ifadesiyle verilen eylemi belirtir.,A
듣다,duymak,fiil,동,Ses algılama; duyma eylemi.,A
들다,giriş yapmak,fiil,동,Bir yere kayıt veya giriş yapmak anlamında kullanılır.,A
들다,taşımak,fiil,동,Bir şeyi elinde tutup taşımak.,A
들어가다,girmek,fiil,동,Bir mekâna ya da gruba dahil olmak.,A
들어오다,gelmek,fiil,동,Bir yere doğru gelmek veya görünmeye başlamak.,A
등산,dağa tırmanma,isim,명,Dağlara tırmanma eylemini ifade eder.,A
따뜻하다,ılık olmak,fiil,형,"Ortamın hoş, ılık olma durumunu belirtir.",A
딸,kız evlat,isim,명,Ailedeki kız çocuğunu ifade eder.,A
딸기,çilek,isim,명,"Tatlı, kırmızı meyve; genellikle taze tüketilir.",A
때,zaman,isim,명,Belirli bir an veya dönem.,A
때문에,yüzünden,edat,의,Nedeni belirtmek için kullanılır.,A
떠나다,ayrılmak,fiil,동,Bir yerden gitmek; bazen vefat etmek anlamında da kullanılır.,A
떡,pirinç keki,isim,명,Pirinç unu ile yapılan geleneksel yiyecek.,A
또,yeniden,zarf,부,"Tekrar, bir eylemin yeniden olduğunu ifade ederken kullanılır.",A
똑같다,aynı olmak,fiil,형,İki şeyin tamamen aynı olduğunu belirtir.,A
똑바로,düzgün,zarf,부,"Doğru, kesintisiz veya düzenli şekilde yapılması.",A
뛰다,çarpmak,fiil,동,Kalbin atması; nabızın hissedilmesi anlamında kullanılır.,A
뛰다,koşmak,fiil,동,"Hızlı hareket etmek, koşu yapmak.",A
뜨겁다,çok sıcak olmak,fiil,형,Nesnenin ya da durumun aşırı sıcak olduğunu ifade eder.,A
라디오,radyo,isim,명,Radyo yayınlarını alan cihaz.,A
라면,ramen,isim,명,Anında hazırlanan erişte çorbası; popüler hazır gıda.,A
러시아,Rusya,isim,고,Ülke ismi.,A
마리,adet (hayvan sayımında),sayı,의,Hayvanları sayarken kullanılan ölçü birimi.,A
마시다,içmek,fiil,동,Sıvı tüketmek.,A
마음,kalp,isim,명,Duyguların merkezi; ruhun ifadesi.,A
마지막,son,isim,명,Bir dizinin veya sürecin bitişini ifade eder.,A
마흔,kırk,sayı,수,Sayı olarak “kırk”.,A
만,on bin,sayı,관,Sayı olarak “on bin”.,A
만나다,buluşmak,fiil,동,"Karşılaşmak, görüşmek.",A
만들다,yapmak,fiil,동,Bir şeyi oluşturmak veya imal etmek.,A
만약,"eğer, varsayalım ki",bağlaç,접속사,"Şart cümlelerinde ""eğer"" anlamında kullanılır.",A
많다,çok olmak,fiil,형,Miktarın veya sayının yüksek olduğunu belirtir.,A
많이,çok,zarf,부,Bir eylemin ya da durumun yoğun şekilde gerçekleştiğini ifade eder.,A
말,söz,isim,명,Konuşma veya kelime anlamında kullanılır.,A
말다,vazgeçmek,fiil,동,"Bir eylemi bırakmak, durdurmak anlamında kullanılır.",A
말씀,söz (saygılı),isim,명,Saygılı bir şekilde ifade edilen konuşma veya söz anlamında kullanılır.,A
말씀하다,konuşmak,fiil,동,Saygılı bir şekilde konuşma eylemini ifade eder.,A
말하다,konuşmak,fiil,동,Genel anlamda sözlü iletişim kurmayı belirtir.,A
맑다,berrak olmak,fiil,형,"Hava, su veya ruh halinin berrak, temiz olduğunu ifade eder.",A
맛,tat,isim,명,Yiyecek veya içeceğin lezzetini ifade eder.,A
맛없다,lezzetsiz olmak,fiil,형,Yiyecek ya da içeceğin tadının kötü olduğunu belirtir.,A
맛있다,lezzetli olmak,fiil,형,Yiyecek veya içeceğin hoş tat verdiğini ifade eder.,A
매우,çok,zarf,부,Yoğunluk veya derecenin yüksek olduğunu vurgular.,A
매일,her gün,isim,명,Zaman dilimi olarak her günü ifade eder.,A
매일,her gün,zarf,부,Bir eylemin düzenli olarak her gün gerçekleştiğini belirtir.,A
맥주,bira,isim,명,Alkollü içecek; genellikle serinletici olarak tüketilir.,A
맵다,acı olmak,fiil,형,"Yiyecek ya da içeceğin baharatlı, keskin tadı olduğunu ifade eder.",A
머리,baş,isim,명,Vücudun düşünme ve yön belirleme merkezi.,A
먹다,yemek,fiil,동,Besin tüketme eylemini ifade eder.,A
먼저,önce,zarf,부,Sıralamada ilk olarak gerçekleşen zamanı ifade eder.,A
멀다,uzak olmak,fiil,형,Mesafenin büyük olduğunu belirtir.,A
메뉴,menü,isim,명,Yiyecek veya içecek seçeneklerinin listelendiği belge.,A
며칠,birkaç gün,isim,명,Belirli bir süre içerisindeki gün sayısını sorgular.,A
명,kişi,ölçü birimi,의,İnsan sayısını belirtmek için kullanılır.,A
몇,kaç,belirteç,관,Miktar veya sayı sorgulamasında kullanılır.,A
몇,kaç,sayı,수,Sayı olarak miktarı ifade etmek için kullanılır.,A
모두,her şey,isim,명,Bütün nesneleri kapsayan ifadede kullanılır.,A
모두,herkes,zarf,부,"Tüm bireyleri kapsayan, toplu ifadeyi belirtir.",A
모든,her,belirteç,관,Tüm öğeleri niteleyici olarak kullanılır.,A
모르다,bilmemek,fiil,동,Bilgi sahibi olmama durumunu ifade eder.,A
모자,şapka,isim,명,Başın üzerine takılan aksesuar.,A
목,boyun,isim,명,Vücudun boyun bölgesini ifade eder.,A
목요일,perşembe,isim,명,Haftanın dördüncü günü.,A
목욕,banyo,isim,명,Yıkanma eylemi veya banyoyu ifade eder.,A
몸,vücut,isim,명,Canlı varlığın fiziksel yapısı.,A
못,yapamamak,zarf,부,Bir eylemin gerçekleştirilemediğini belirtir (ek yardımcı olarak kullanılır).,A
못하다,yapamamak,fiil,동,Bir eylemi gerçekleştirememe durumunu ifade eder.,A
무슨,hangi,belirteç,관,Bir nesnenin veya özelliğin ne olduğunu sorgularken kullanılır.,A
무엇,ne,zamir,대,Bir şeyi sorgularken veya belirsiz bir öğeyi ifade eder.,A
문,kapı,isim,명,Giriş çıkış için kullanılan yapı.,A
문제,soru,isim,명,Merak edilen veya çözüme kavuşturulması gereken konu.,A
문화,kültür,isim,명,Bir toplumun yaşam tarzı ve değer sistemini ifade eder.,A
묻다,sormak,fiil,동,Bilgi almak veya teyit etmek amacıyla soru sorma eylemi.,A
물,su,isim,명,İçecek veya temizlik için kullanılan sıvı.,A
물건,eşya,isim,명,"Maddi nesne, obje.",A
물론,elbette,zarf,부,"Kesinlik, şüphe olmadan ifadenin altını çizer.",A
물어보다,sormak,fiil,동,Bilgi veya teyit almak amacıyla soru yöneltmek.,A
뭐,ne,ünlem,감,"Sürpriz, şaşkınlık ifadesi olarak veya soru anlamında kullanılır.",A
뭐,ne,zamir,대,Belirli olmayan nesneyi ifade etmek için kullanılır.,A
미국,Amerika,isim,고,Ülke ismi.,A
미안하다,üzgün olmak,fiil,형,Pişmanlık ya da özür ifadesi olarak kullanılır.,A
미터,metre,ölçü birimi,의,Uzunluk ölçüsünde kullanılan birim.,A
밑,alt,isim,명,Bir şeyin en alt kısmı veya tabanını ifade eder.,A
바꾸다,değiştirmek,fiil,동,Bir şeyin şeklini veya yerini değiştirmek.,A
바나나,muz,isim,명,"Tropikal meyve; genellikle sarı renkli, tatlı bir meyve.",A
바다,deniz,isim,명,"Geniş su kütlesi, okyanusun bir parçası.",A
바람,rüzgar,isim,명,"Hava hareketi, esinti.",A
바람,nedeniyle,edat,의,Bir olayın etkisini veya sonucunu belirtirken kullanılır.,A
바로,doğru şekilde,zarf,부,"Bir eylemin düzgün, eksiksiz veya hemen gerçekleştiğini ifade eder.",A
바르다,"doğru, düzgün olmak",sıfat (fiil),형,Davranış veya düzenin doğru/düzgün olduğunu ifade eder.,A
바쁘다,meşgul olmak,fiil,형,"Zaman veya dikkat açısından yoğun, dolu olmak.",A
바지,pantolon,isim,명,Alt giyim eşyası; genellikle iki paça şeklinde.,A
박물관,müze,isim,명,"Sanat, tarih veya bilim eserlerinin sergilendiği yer.",A
밖,dış,isim,명,"Bir mekanın dış kısmını, dışarıyı ifade eder.",A
반,yarım,isim,명,Bütünün iki eşit parçasından biri.,A
반,grup,isim,명,Bir araya gelen kişilerin oluşturduğu topluluk.,A
반갑다,memnun olmak,fiil,형,"Birini gördüğünde duyulan hoşnutluk, sevincin ifadesi.",A
받다,almak,fiil,동,"Bir şeyi teslim almak, elde etmek.",A
발,ayak,isim,명,Vücudun yürüme organı.,A
발음,telaffuz,isim,명,Bir kelimenin veya ifadenin söyleniş biçimi.,A
밝다,umut vaat etmek,fiil,형,"Işığın, parlaklığın veya geleceğe dair umutlu görünümün ifadesi.",A
밝다,açık olmak,fiil,형,"Işığın, parlaklığın açık, berrak olması.",A
밤,gece,isim,명,Gün batımından sonra gelen karanlık zaman dilimi.,A
밤,kestane,isim,명,Kabuklu yemiş.,A
밥,yemek,isim,명,Pirinçten yapılan yemek ya da öğün.,A
방,oda,isim,명,"Kapalı mekan, yaşam veya çalışma alanı.",A
방학,tatil,isim,명,Okulun ara tatil dönemi.,A
배,karın,isim,명,Vücudun karın bölgesini ifade eder.,A
배,tekne,isim,명,Su üzerinde hareket eden deniz taşıtı.,A
배,armut,isim,명,"Tatlı, sulu meyve; Kore’de sık tüketilen meyve türlerinden biri.",A
배고프다,aç olmak,fiil,형,Yeterli besin alınmadığında hissedilen açlık duygusunu ifade eder.,A
배부르다,tok olmak,fiil,형,Yemek sonrası doygunluk hissini belirtir.,A
배우다,öğrenmek,fiil,동,Bilgi veya beceri kazanma eylemi.,A
백,yüz,sayı,수,100 sayısını belirtir.,A
백화점,alışveriş merkezi,isim,명,Çeşitli ürünlerin satıldığı geniş alışveriş merkezi.,A
버리다,atmak,fiil,보,Bir şeyi (eylem veya his de olabilir) uzaklaştırmak,A
버스,otobüs,isim,명,Toplu taşıma aracı.,A
번,kez,ölçü birimi,의,Bir eylemin kaç defa yapıldığını belirtir.,A
번호,numara,isim,명,Tanımlama veya sıralama amacıyla kullanılan sayı.,A
벌써,zaten,zarf,부,Beklenenden önce gerçekleştiğini ifade eder.,A
벗다,çıkarıp atmak,fiil,동,Giysi veya aksesuarı vücuttan ayırmak.,A
별,yıldız,isim,명,Gökyüzündeki parlak cisim; mecazi anlamda ünlü kişi.,A
병,hastalık,isim,명,"Sağlık bozukluğu, rahatsızlık.",A
병,şişe,isim,명,Sıvı saklamak için kullanılan kap.,A
병원,hastane,isim,명,Sağlık hizmeti veren kurum.,A
보내다,göndermek,fiil,동,Bir şeyi veya kişiyi bir yerden başka yere iletmek.,A
보다,denemek,fiil,동,Bir şeyi yapmayı ya da tecrübe etmeyi denemek.,A
보다,görmek,yardımcı fiil,보,"Algılamak, görsel olarak fark etmek.",A
보통,genelde,isim,명,"Genellikle sıradan, normal durumu ifade eder.",A
복잡하다,karmaşık olmak,fiil,형,Bir şeyin iç yapısının düzensiz veya çok katmanlı olduğunu ifade eder.,A
볼펜,tükenmez kalem,isim,명,"Yazı yazmak için kullanılan, mürekkep yerine top kullanan kalem.",A
봄,ilkbahar,isim,명,"Doğanın yeniden canlandığı, çiçeklerin açtığı mevsim.",A
부르다,çağırmak,fiil,동,"Birini seslenmek, adını söyleyerek çağırmak.",A
부모,ebeveyn,isim,명,Çocuk sahibi olan anne ve babayı ifade eder.,A
부모님,ebeveynler,isim,명,Saygılı hitapla ebeveynleri belirtir.,A
부부,evli çift,isim,명,Resmi evlilik bağıyla birbirine bağlı olan iki kişiyi ifade eder.,A
부산,Busan,isim,고,Güney Kore’nin önemli liman ve turizm şehri.,A
부엌,mutfak,isim,명,Yemek hazırlama ve pişirme alanı.,A
부인,eş,isim,명,"Resmi hitapla evli kadın, hayat arkadaşı.",A
부탁하다,"rica etmek, yardım istemek",fiil,동,Kibarca yardım veya istekte bulunmak için kullanılır.,A
북쪽,kuzey,isim,명,Yön olarak kuzeyi ifade eder.,A
분,parça,isim,의,Nesnelerin bölümlerini veya kısımlarını saymak için kullanılan ölçü birimi.,A
분,dakika,isim,의,"Zamanın, saat içerisindeki küçük birimi (60 dakika = 1 saat).",A
불,ateş,isim,명,"Yanma, alev ve ışık yayan enerji kaynağı.",A
불고기,bulgogi,isim,명,"Marine edilip ızgara yapılan, Kore mutfağına özgü et yemeği.",A
불다,üflemek,fiil,동,Havanın akışını sağlamak veya rüzgarın esişini ifade etmek.,A
비,yağmur,isim,명,Gökyüzünden düşen su damlacıkları.,A
비누,sabun,isim,명,"Temizlik amacıyla kullanılan, cilt temizleyici madde.",A
비디오,video,isim,명,Görüntü ve ses içeren medya kaydı.,A
비빔밥,bibimbap,isim,명,"Pirinç, sebze, et ve yumurtanın karıştırılarak servis edildiği geleneksel Kore yemeği.",A
비슷하다,benzemek,fiil,형,İki ya da daha fazla şey arasında benzerlik kurmak.,A
비싸다,pahalı olmak,fiil,형,Fiyat veya maliyet açısından yüksek olduğunu belirtir.,A
비행기,uçak,isim,명,Hava yoluyla seyahat edilen mekanik taşıt.,A
빠르다,hızlı olmak,fiil,형,Hareketin veya sürecin çabuk gerçekleştiğini ifade eder.,A
빨간색,kırmızı,isim,명,Renk olarak kırmızıyı ifade eder.,A
빨리,hızlıca,zarf,부,Bir eylemin kısa sürede gerçekleştiğini belirtir.,A
빵,ekmek,isim,명,"Fırında pişirilmiş hamur ürünü, temel gıda maddesi.",A
사,dört,sayı,수,Miktar veya sıralamada kullanılan sayı.,A
사과,elma,isim,명,"Yenen, tatlı veya ekşi meyve.",A
사다,satın almak,fiil,동,Bir ürünü veya hizmeti edinmek için para ödemek.,A
사람,insan,isim,명,"Birey, insan varlığı.",A
사랑,sevgi,isim,명,Duygusal bağ veya aşkı ifade eden kavram.,A
사랑하다,sevmek,fiil,동,Birine karşı derin duygular beslemek.,A
사무실,ofis,isim,명,İş veya idari faaliyetlerin yürütüldüğü çalışma alanı.,A
사십,kırk,sayı,수,40 sayısını ifade eder.,A
사용하다,kullanmak,fiil,동,"Bir aracı veya yöntemi devreye sokmak, yararlanmak.",A
사월,Nisan,isim,명,"Takvimdeki ay isimlerinden biri, ilkbaharın son aylarından.",A
사이,aralık,isim,명,İki nesne veya kişi arasındaki mesafe veya ilişkiyi ifade eder.,A
사장,patron,isim,명,Bir şirketin en üst düzey yöneticisi.,A
사전,sözlük,isim,명,Kelimelerin anlamlarının sıralandığı referans kaynağı.,A
사진,fotoğraf,isim,명,Kamerayla çekilmiş görsel kayıt.,A
사탕,şeker,isim,명,Genellikle tatlı atıştırmalık olarak tüketilen şekerli yiyecek.,A
산,dağ,isim,명,"Yüksek, doğal yer şekli.",A
산책,yürüyüş,isim,명,Dinlenme veya egzersiz amacıyla yapılan kısa yürüyüş.,A
살,yaş,ölçü birimi,의,Bir kişinin yaşam süresini veya yaşı belirtmek için kullanılır.,A
살다,yaşamak,fiil,동,"Hayatını sürdürmek, yaşamını devam ettirmek.",A
삼,üç,sayı,수,Üç sayısını ifade eder.,A
삼십,otuz,sayı,수,30 sayısını belirtir.,A
삼월,Mart,isim,명,Takvim aylarından biri.,A
새,kuş,isim,명,"Uçabilen, tüylerle kaplı hayvan.",A
새,yeni,sıfat,관,"Daha önce kullanılmamış, taze olanı ifade eder.",A
색,renk,isim,명,Bir nesnenin görsel özelliğini belirtir.,A
색깔,renk,isim,명,Görsel çeşitliliği ifade eden özellik.,A
샌드위치,sandviç,isim,명,İki dilim ekmek arasında çeşitli malzemelerin konulduğu yiyecek.,A
생각,düşünce,isim,명,Zihinsel faaliyet sonucu oluşan fikir veya kanaat.,A
생각하다,düşünmek,fiil,동,Kafasında fikir oluşturmak veya değerlendirmek.,A
생기다,meydana gelmek,fiil,동,"Bir olayın, durumun veya değişikliğin ortaya çıkmasını ifade eder.",A
생선,balık,isim,명,Genellikle çiğ tüketilen deniz ürünleri.,A
생일,doğum günü,isim,명,Bir kişinin doğum tarihinin yıldönümü.,A
생활,yaşam,isim,명,"Günlük hayatı, yaşam tarzını ifade eder.",A
샤워,duş,isim,명,Su kullanılarak yapılan temizlik yöntemi.,A
서다,ayakta durmak,fiil,동,"Dik pozisyonda bulunmak, duruşu ifade eder.",A
서로,birbirine,zarf,부,Karşılıklı ilişki veya hareketi ifade eder.,A
서른,otuz,sayı,수,30 sayısını belirtir.,A
서울,Seul,isim,고,Güney Kore’nin başkenti.,A
서울역,Seul tren istasyonu,isim,고,Seul’deki ana tren istasyonu.,A
서점,kitapçı,isim,명,Kitap satışı yapılan dükkan.,A
서쪽,batı,isim,명,Yön olarak batıyı ifade eder.,A
선물,hediye,isim,명,"Sevgi, saygı veya özel bir durumu ifade etmek için verilen nesne.",A
선물하다,hediye vermek,fiil,동,Birine hediye sunma eylemi.,A
선생,öğretmen,isim,명,Eğitim veren kişi.,A
선생님,öğretmen,isim,명,Daha saygılı hitap edilen öğretmen.,A
설명,açıklama,isim,명,Bir konunun detaylı anlatımı.,A
설명하다,açıklamak,fiil,동,Bir konuyu veya durumu anlaşılır şekilde ifade etmek.,A
설악산,Seorak Dağı,isim,고,Güney Kore’nin ünlü dağlarından biri.,A
설탕,şeker,isim,명,Yiyeceklerde tatlandırıcı olarak kullanılan toz şeker.,A
세,üç,sayı,관,Sayım veya sıralamada kullanılan sayı.,A
세,yaş,ölçü birimi,의,Bir kişinin yaşını belirtmek için kullanılan ölçü birimi.,A
세수,yüz yıkama,isim,명,Genellikle sabah ve akşam yapılan yüz temizliği.,A
세탁기,çamaşır makinesi,isim,명,Giysi yıkamak için kullanılan makine.,A
센티미터,santimetre,ölçü birimi,의,Uzunluğu ölçmek için kullanılan metrik birim (1/100 metre).,A
셋,üç,sayı,수,Rakam olarak üçü ifade eder.,A
셋째,üçüncü,sayı,수,Sıralama veya sayma amacıyla kullanılan ifade.,A
소개하다,tanıtmak,fiil,동,Bir kişiyi veya şeyi başkalarına tanıtmak.,A
소금,tuz,isim,명,Yiyeceklerde tatlandırıcı veya koruyucu olarak kullanılan mineral.,A
소파,kanepe,isim,명,Oturma amaçlı kullanılan geniş mobilya.,A
소풍,piknik,isim,명,Açık havada yapılan eğlenceli gezi veya etkinlik.,A
속,iç,isim,명,Bir nesnenin iç kısmını veya özünü ifade eder.,A
손,el,isim,명,Kavrama ve dokunma işlevi olan uzuv.,A
손가락,parmak,isim,명,"Elde bulunan, sayma ve his işlevi gören uzuv.",A
손님,müşteri,isim,명,Hizmet alan veya satın alma işlemi gerçekleştiren kişi.,A
쇠고기,dana eti,isim,명,Sığır etinden elde edilen gıda maddesi.,A
쇼핑,alışveriş,isim,명,Ürün veya hizmet satın alma eylemi.,A
수,yöntem,isim,의,Bir eylemin gerçekleştirilme biçimini ifade eder.,A
수건,havlu,isim,명,Vücudu kurulamak veya temizlemek için kullanılan kumaş parçası.,A
수박,karpuz,isim,명,"Büyük, tatlı meyve; özellikle yazın tüketilir.",A
수업,ders,isim,명,Öğrenim veya öğretim faaliyetlerinin gerçekleştirildiği zaman dilimi.,A
수영,yüzme,isim,명,Suda yapılan yüzme eylemi veya spor.,A
수영장,yüzme havuzu,isim,명,"Yüzme sporu veya eğlence amaçlı kullanılan, su dolu kapalı veya açık alan.",A
수영하다,yüzmek,fiil,동,Suda gerçekleştirşlen yüzme eylemi.,A
수요일,Çarşamba,isim,명,Haftanın üçüncü günü.,A
숙제,ödev,isim,명,Öğrencilerin evde tamamlaması gereken çalışma.,A
숟가락,kaşık,isim,명,"Yemek yerken kullanılan, sıvıları veya yiyecekleri almayı sağlayan mutfak gereci.",A
술,alkol,isim,명,Fermente veya damıtılmış içecek.,A
술,kaşık dolusu,ölçü birimi,의,Sıvı veya yoğun maddelerin miktarını ifade eden ölçü birimi.,A
쉬다,dinlenmek,fiil,동,"Kısa süreli ara verip rahatlamak, mola vermek.",A
쉰,elli,sayı,수,50 sayısını ifade eder.,A
쉽다,kolay olmak,fiil,형,Bir işin zahmetsiz veya çabuk gerçekleştiğini belirtir.,A
슈퍼마켓,süpermarket,isim,명,Çeşitli ürünlerin satıldığı büyük market.,A
스무,yirmi,sayı,관,Nesneleri sayarken kullanılan 20 sayısı (isimden önce kullanılır).,A
스물,yirmi,sayı,수,20 sayısını ifade eder.,A
스키,kayak,isim,명,Karda yapılan spor aktivitesi veya kullanılan ekipman.,A
스트레스,stres,isim,명,Zihinsel veya duygusal baskı durumunu ifade eder.,A
스포츠,spor,isim,명,Rekabet veya eğlence amacıyla yapılan fiziksel etkinlikler.,A
슬프다,üzgün olmak,fiil,형,"Duygusal acı, keder hissetmek.",A
시,şehir,isim,명,"Büyük yerleşim yeri, kent.",A
시,zaman,ölçü birimi,의,Bir olayın gerçekleşme süresini veya saat dilimini ifade eder.,A
시간,zaman,isim,명,Geçen süre veya saat ölçüsünü ifade eder.,A
시계,saat,isim,명,Zamanı gösteren cihaz.,A
시원하다,serin olmak,fiil,형,Havanın ferahlatıcı veya serinletici olduğunu ifade eder.,A
시월,Ekim,isim,명,Takvim aylarından biri; sonbaharın başlangıcı olarak kabul edilir.,A
시작,başlangıç,isim,명,Bir sürecin veya olayın başlangıcını ifade eder.,A
시작되다,başlamak,fiil,동,Bir sürecin kendiliğinden başlamasını ifade eder.,A
시작하다,başlamak,fiil,동,Bir eylemi veya süreci başlatmak.,A
시장,pazar,isim,명,Ürünlerin satıldığı açık veya kapalı pazar yeri.,A
시험,sınav,isim,명,Bilgi veya yeteneği ölçmek amacıyla yapılan test.,A
식당,restoran,isim,명,Yemek servisi yapılan mekan.,A
식사,yemek,isim,명,Bir öğün sırasında tüketilen yiyecekler.,A
식사하다,yemek yemek,fiil,동,Bir öğünde yemek yeme eylemini ifade eder.,A
식탁,yemek masası,isim,명,Yemeklerin servis edildiği masa.,A
신다,giymek,fiil,동,Özellikle ayakkabı veya benzeri giysilerin giyilmesini ifade eder.,A
신문,gazete,isim,명,Güncel haber ve bilgi içeren yazılı yayın.,A
신발,ayakkabı,isim,명,Ayakları koruyan veya süsleyen giyim eşyası.,A
실례,görgüsüzlük,isim,명,Toplum içinde nazik olmayan davranış veya saygısızlık.,A
실례하다,saygısızlık etmek,fiil,동,Kaba veya uygun olmayan davranış sergilemek.,A
싫다,hoşlanmamak,fiil,형,"Bir şeyden memnun olmamak, sevmediğini ifade etmek.",A
싫어하다,hoşlanmamak,fiil,동,Bir şeyi yapmaktan kaçınmak veya sevmemek.,A
십,on,sayı,수,10 sayısını ifade eder.,A
십이월,Aralık,isim,명,Takvim aylarından biri; yılın son ayı.,A
십일월,Kasım,isim,명,Takvim aylarından biri; sonbaharın ilerleyen dönemi.,A
싶다,istemek,fiil,보,Bir arzu veya isteği ifade eder.,A
싸다,ucuz olmak,fiil,형,Fiyat açısından düşük olduğunu belirtir.,A
싸우다,kavga etmek,fiil,동,"Tartışmak veya çatışmak, mücadele etmek.",A
쓰다,yazmak,fiil,동,Kalem veya benzeri araçla yazı oluşturmak.,A
쓰다,takmak,fiil,동,Özellikle şapka gibi başlık giymek.,A
쓰다,almak (ilaç),fiil,동,İlaç veya tıbbi ürün kullanmak.,A
쓰레기,çöp,isim,명,"Atık, artık kullanılmayan malzeme.",A
씨,bay (saygı eki),belirteç,의,İsimlere eklenerek saygı ifadesi sağlar.,A
씻다,yıkamak,fiil,동,Temizlik amacıyla su kullanarak temizlemek.,A
아,ah,ünlem,감,"Şaşkınlık, üzüntü veya hayret ifadesi.",A
아기,bebek,isim,명,Yeni doğmuş veya küçük çocuk.,A
아내,eş,isim,명,Evli kadını ifade eder.,A
아니,değil,zarf,부,Olumsuzlama ifadesi; bir şeyin geçerli olmadığını belirtir.,A
아니다,olmamak,fiil,형,Bir durumun veya ifadenin reddedilmesi.,A
아니요,hayır,ünlem,감,"Olumsuz yanıt, ret ifadesi.",A
아들,oğul,isim,명,Erkek çocuk.,A
아래,alt,isim,명,Bir nesnenin alt kısmı veya aşağıya doğru yer.,A
아름답다,güzel olmak,fiil,형,Estetik veya içsel güzelliği ifade eder.,A
아마,muhtemelen,zarf,부,Bir durumun olası olduğunu belirtir.,A
아무,herhangi,belirteç,관,"Belirli olmayan, herhangi birini ifade eder.",A
아무,hiç kimse,zamir,대,Belirli bir varlığın yokluğunu ifade eder.,A
아버지,baba,isim,명,Çocukların erkek ebeyni.,A
아빠,baba,isim,명,Günlük ve samimi hitapla kullanılan baba.,A
아이,çocuk,isim,명,Yeni doğmuş veya küçük birey.,A
아이스크림,dondurma,isim,명,"Soğuk, tatlı süt bazlı yiyecek.",A
아저씨,amca,isim,명,"Genellikle yaşça büyük, tanınmayan erkek için kullanılan hitap.",A
아주,aşırı,zarf,부,"Dereceyi arttıran, yoğunluk ifade eden kelime.",A
아주머니,hanımefendi,isim,명,"Saygılı hitapla, evli veya orta yaşlı kadın için kullanılan ifade.",A
아줌마,evli kadın,isim,명,"Gündelik dilde, evli veya orta yaşlı kadın için kullanılan ifade.",A
아직,henüz,zarf,부,"Bir durumun veya eylemin gerçekleşmediğini, devam ettiğini ifade eder.",A
아침,sabah,isim,명,"Güne başlangıç zamanı, erken saatler.",A
아파트,apartman,isim,명,Konut amaçlı çok katlı yapı.,A
아프다,ağrımak,fiil,형,Fiziksel veya duygusal acı hissetmek.,A
아홉,dokuz,sayı,수,9 sayısını ifade eder.,A
아흔,doksan,sayı,수,90 sayısını ifade eder.,A
안,iç,isim,명,Bir nesnenin iç kısmını veya alanın iç bölümünü belirtir.,A
안,olumsuzluk,zarf,부,Fiile veya cümleye olumsuzluk katan ek görevi görür.,A
안경,gözlük,isim,명,Gözleri korumak veya düzeltmek için kullanılan araç.,A
안녕,merhaba/hoşça kal,ünlem,감,Selamlaşma veya vedalaşma ifadesi.,A
안녕하다,selamlaşmak,fiil,형,"Nazik bir şekilde selam vermek, karşılıklı selamlaşmak.",A
안녕히,huzur içinde,zarf,부,"Vedalaşma sırasında kullanılan, iyi dilek belirten ifade.",A
안다,kucaklamak,fiil,동,"Birini kollarla sarmak, tutmak.",A
안되다,olmamak,fiil,동,Bir eylemin gerçekleşemeyeceğini veya izin verilmediğini ifade eder.,A
앉다,oturmak,fiil,동,Bir yere yerleşip oturma eylemini ifade eder.,A
않다,yapmamak,fiil,동,Bir eylemi gerçekleştirmemek.,A
않다,olmamak,yardımcı fiil,보,Bir durumun veya eylemin gerçekleşmemesini belirtir.,A
알다,bilmek,fiil,동,"Bir konu hakkında bilgi sahibi olmak, farkında olmak.",A
앞,ön,isim,명,Bir nesnenin veya yerin ön kısmını ifade eder.,A
야구,beyzbol,isim,명,Top ve sopa ile oynanan spor dalı.,A
약,ilaç,isim,명,Hastalık tedavisinde kullanılan tıbbi madde.,A
약국,eczane,isim,명,İlaç ve sağlık ürünlerinin temin edildiği yer.,A
약속,söz,isim,명,"Verilen taahhüt veya randevu, sözel anlaşma.",A
약속하다,söz vermek,fiil,동,"Taahhütte bulunmak, randevu veya anlaşma yapmak.",A
양말,çorap,isim,명,Ayakları ısıtan veya koruyan giysi parçası.,A
양복,takım elbise,isim,명,Resmi veya iş ortamında giyilen batı tarzı kıyafet.,A
얘기,hikaye,isim,명,"Anlatılan olay veya sohbet, sözlü anlatım.",A
얘기하다,hikaye anlatmak,fiil,동,Sözlü iletişim yoluyla olayları veya düşünceleri paylaşmak.,A
어,ey,ünlem,감,Şaşkınlık veya tereddüt ifadesi.,A
어깨,omuz,isim,명,"Kolların başladığı, vücudun üst kısmında yer alan bölge.",A
어느,hangi,soru sıfatı,관형사,Soru cümlelerinde seçim belirtmek için kullanılır.,A
어디,nere,soru zarfı,부,Yer sorgulamalarında kullanılır.,A
어떤,hangi,soru sıfatı,관형사,Belirli bir özelliği sorgulamak için kullanılır.,A
어떻게,nasıl,soru zarfı,부,Bir şeyin nasıl yapıldığını sormak için kullanılır.,A
어떻다,nasıl olmak,fiil,형,Durum veya şekil sorgulamalarında kullanılır.,A
어렵다,zor olmak,fiil,형,Zorluk ifade eder; bir işin yapışının güç olduğunu belirtir.,A
어른,yetişkin,isim,명,"Genellikle olgun, yetişkin bireyi ifade eder.",A
어린이,çocuk,isim,명,Küçük yaştaki bireyleri tanımlar.,A
어머니,anne,isim,명,Resmi veya samimi hitapla anneleri belirtir.,A
어서,çabucak,zarf,부,Eylemin hızlıca gerçekleştirilmesini ifade eder.,A
어제,dün,isim,명,Geçmişteki belirli bir günü belirtir.,A
언니,abla,isim,명,"Erkeklerin kendilerine hitap ettiği, yaşça büyük kız kardeşi ifade eder.",A
언제,ne zaman,soru zarfı,부,Zaman sorgulamalarında kullanılır.,A
언제나,her zaman,zarf,부,"Sürekli, daima anlamında kullanılır.",A
얼굴,yüz,isim,명,İnsan veya hayvanın yüzünü ifade eder.,A
얼마,ne kadar,soru zarfı,부,Miktar ya da derecenin sorgulanmasında kullanılır.,A
얼마나,ne kadar,zarf,부,Miktar veya derecenin ölçüsünü sormak için kullanılır.,A
엄마,anne,isim,명,Samimi hitapla anneleri belirtir.,A
없다,olmamak,fiil,형,Bir şeyin var olmamasını ifade eder.,A
에어컨,klima,isim,명,Ortamı soğutmak için kullanılan cihaz.,A
여권,pasaport,isim,명,Seyahatlerde kimlik ve ülke bilgilerini içeren belge.,A
여기,bura,zamir,대,Konuşana yakın bir yeri gösteren işaret zamiri.,A
여덟,sekiz,sayı,수,8 sayısını ifade eder.,A
여동생,küçük kız kardeş,isim,명,"Genellikle erkekler tarafından kullanılan, yaşça küçük kız kardeşi ifade eder.",A
여든,seksen,sayı,수,80 sayısını belirtir.,A
여러,çeşitli,belirteç,관,Miktar veya çeşitliliği ifade eder.,A
여러분,sizler,zamir,대,Resmi toplu hitap ifadesidir; kalabalığa yönelik kullanılır.,A
여름,yaz,isim,명,Mevsim olarak yazı ifade eder.,A
여보세요,alo,ünlem,감,Telefonla selamlaşmada kullanılan selam ifadesidir.,A
여섯,altı,sayı,수,6 sayısını ifade eder.,A
여자,kadın,isim,명,Yetişkin dişi bireyleri ifade eder.,A
여학생,kız öğrenci,isim,명,Eğitim gören dişi öğrenciyi tanımlar.,A
여행,seyahat,isim,명,"Yolculuk, gezi veya seyahat anlamında kullanılır.",A
여행하다,seyahat etmek,fiil,동,Bir yerden başka bir yere yolculuk yapmak.,A
역,tren istasyonu,isim,명,Demiryolu ulaşımının yapıldığı yer.,A
역사,tarih,isim,명,Geçmiş olayları ve dönemleri ifade eder.,A
연습,antrenman,isim,명,Beceri geliştirme amacıyla yapılan tekrar eylemini tanımlar.,A
연습하다,antrenman yapmak,fiil,동,Pratik yaparak öğrenmeyi ifade eder.,A
연필,kalem,isim,명,Yazma aracı; özellikle kurşun kalem.,A
열,on,sayı,수,10 sayısını belirtir.,A
열다,açmak,fiil,동,Kapalı olanı açma eylemini ifade eder.,A
열쇠,anahtar,isim,명,Kilidi açmak veya kapatmak için kullanılan araç.,A
열심히,özenle,zarf,부,"Titizlikle, büyük gayretle anlamında kullanılır.",A
영국,İngiltere,isim,고,Ülke ismi.,A
영어,İngilizce,isim,명,Dil ismi.,A
영화,film,isim,명,Görsel-işitsel eser.,A
옆,yan,isim,명,Bir nesnenin yanında yer alan alanı ifade eder.,A
예,evet,ünlem,감,Onay ifadesidir.,A
예쁘다,güzel olmak,fiil,형,Estetik güzelliği ifade eder.,A
예순,altmış,sayı,수,60 sayısını ifade eder.,A
예절,"görgü, nezaket",isim,명,Toplumsal davranış kurallarını ifade eder.,A
옛날,eski zamanlar,isim,명,Geçmiş dönemleri veya eski zamanları ifade eder.,A
오,beş,sayı,수,5 sayısını ifade eder.,A
오늘,bugün,isim,명,Şu anki günü belirtir.,A
오다,gelmek,fiil,동,Bir yere doğru hareket etmek.,A
오래,uzun süre,zarf,부,Zamanın uzunluğunu belirtir.,A
오래간만,uzun aradan sonra,isim,명,Uzun süre sonra gerçekleşen durumları ifade eder.,A
오랜만,uzun aradan sonra,isim,명,Uzun sürenin ardından meydana gelen durumları belirtir.,A
오렌지,portakal,isim,명,Meyve olarak portakalı ifade eder.,A
오르다,yükselmek,fiil,동,Yükseğe doğru hareket etmek; tırmanmak.,A
오른쪽,sağ taraf,isim,명,Yön ifadesi olarak sağ kısmı belirtir.,A
오빠,abi,isim,명,Erkeklerin kendilerine hitap ettiği abiyi ifade eder.,A
오십,elli,sayı,수,50 sayısını ifade eder.,A
오월,Mayıs,isim,명,Takvim aylarından biri; beşinci ay.,A
오전,öğleden önce,isim,명,"Günün ilk yarısını, sabah saatlerini ifade eder.",A
오후,öğleden sonra,isim,명,Günün ikinci yarısını ifade eder.,A
올라가다,yukarı çıkmak,fiil,동,Yüksek bir noktaya doğru hareket etmek.,A
올해,bu yıl,isim,명,Şu anki yılı ifade eder.,A
옷,giysi,isim,명,"Giyinilen, üst veya alt giyim eşyasını tanımlar.",A
왜,neden,soru zarfı,부,Sebep sorgulamalarında kullanılır.,A
왜냐하면,çünkü,zarf,부,Sebep veya gerekçe belirtirken kullanılır.,A
외국,yabancı ülke,isim,명,"Ülke dışı, başka bir ülkeyi ifade eder.",A
외국어,yabancı dil,isim,명,Ana dil dışındaki dilleri belirtir.,A
외국인,yabancı,isim,명,"Yabancı uyruklu, başka ülkeden gelen kişi.",A
왼쪽,sol taraf,isim,명,Yön ifadesi olarak sol tarafı ifade eder.,A
요리,yemek,isim,명,Gıda hazırlama sanatı; pişirme eylemiyle ilgili kavram.,A
요리하다,yemek pişirmek,fiil,동,"Gıda hazırlama, pişirme eylemini ifade eder.",A
요일,hafta günü,isim,명,Haftanın günlerini belirtir.,A
요즘,bu aralar,isim,명,Şu anki zaman dilimini veya mevcut durumu ifade eder.,A
우리,biz,zamir,대,Grubu ifade eden aidiyet zamiridir.,A
우리나라,ülkemiz,isim,명,"Kendi ülkemizi, vatanı ifade eder.",A
우산,şemsiye,isim,명,Yağmur veya güneşten korunmak için kullanılır.,A
우유,süt,isim,명,Besleyici içecek; genellikle inek sütü.,A
우체국,postane,isim,명,Posta hizmetlerinin sunulduğu kurumsal yer.,A
운동,hareket,isim,명,Fiziksel aktivite veya genel hareket anlamında kullanılır.,A
운동장,spor sahası,isim,명,Açık alanda spor aktivitelerinin yapıldığı yer.,A
운동하다,egzersiz yapmak,fiil,동,Fiziksel aktivite yapmayı ifade eder.,A
운동화,spor ayakkabısı,isim,명,Spor yaparken tercih edilen ayakkabıları ifade eder.,A
운전,sürüş,isim,명,Araç kullanma eyleminin ifadesidir.,A
운전하다,araba kullanmak,fiil,동,Araç kullanma eylemini ifade eder.,A
울다,ağlamak,fiil,동,Duygusal acı veya üzüntü nedeniyle gözyaşı dökmek.,A
웃다,gülmek,fiil,동,"Sevinç, neşe veya keyif ifadesi olarak ortaya çıkan eylem.",A
원,Kore wonu,ölçü birimi,의,Güney Kore para birimi; parasal değer ölçüsüdür.,A
월,ay,isim,의,Takvimdeki ay birimini ifade eder.,A
월요일,Pazartesi,isim,명,Haftanın ilk iş günü; genellikle resmi başlangıç günü olarak kabul edilir.,A
위,üst,isim,명,Bir nesnenin üst kısmını veya yukarısını ifade eder.,A
위험,tehlike,isim,명,Bir durumda veya ortamda risk veya tehlike bulunmasını ifade eder.,A
위험하다,tehlikeli olmak,fiil,형,Bir şeyin tehlikeli olduğunu belirtir.,A
유명하다,ünlü olmak,fiil,형,Birinin veya şeyin tanınmış olduğunu ifade eder.,A
유월,Haziran,isim,명,Takvim aylarından biridir.,A
육,altı,sayı,수,6 sayısını ifade eder.,A
육십,altmış,sayı,수,60 sayısını ifade eder.,A
은행,banka,isim,명,Finansal hizmetlerin sunulduğu kurum.,A
음식,yiyecek,isim,명,Tüketilen besin maddesini ifade eder.,A
음악,müzik,isim,명,Ses ve ritim düzenlemesini ifade eder.,A
의사,doktor,isim,명,Tıbbi tedavi uygulayan sağlık uzmanını belirtir.,A
의자,sandalye,isim,명,Oturmak için kullanılan mobilyayı ifade eder.,A
이,diş,isim,명,Ağızdaki sert yapıyı ifade eder.,A
이,bu,belirteç,관,Yakın nesneyi işaret eder.,A
이,iki,sayı,수,2 sayısını ifade eder.,A
이거,bu şey,zamir,대,Yakın mesafedeki nesneyi belirtir.,A
이것,bu şey,zamir,대,Belirli nesneyi ifade eder.,A
이곳,bu yer,zamir,대,Bulunulan veya belirtilen yeri ifade eder.,A
이때,bu zaman,isim,명,Belirli bir anı ifade eder.,A
이런,böyle,belirteç,관,Örnek vererek benzerliği ifade eder.,A
이렇다,böyle olmak,fiil,형,Bir durumun veya şeklin böyle olduğunu belirtir.,A
이름,isim,isim,명,Bir kişinin veya nesnenin tanımlayıcı kelimesini ifade eder.,A
이번,bu sefer,isim,명,Belirli bir olayın gerçekleştiği zamanı ifade eder.,A
이분,bu kişi,zamir,대,Saygılı hitapla o kişiyi belirtir.,A
이십,yirmi,sayı,수,20 sayısını ifade eder.,A
이야기,hikaye,isim,명,Sözlü veya yazılı anlatımı ifade eder.,A
이야기하다,sohbet etmek,fiil,동,Konuşarak fikir paylaşmayı ifade eder.,A
이월,Şubat,isim,명,Takvim aylarından biridir.,A
이제,şimdi,isim,명,Belirli bir zaman dilimini ifade eder.,A
이쪽,bu taraf,zamir,대,Yakın yönü veya tarafı belirtir.,A
이해하다,anlamak,fiil,동,Bir konuyu kavramayı ifade eder.,A
인사,selamlaşma,isim,명,Karşılıklı selam verme eylemini ifade eder.,A
인사하다,selam vermek,fiil,동,Birine hitap ederek selamlaşmayı ifade eder.,A
인천,Incheon,isim,고,Güney Kore’de bulunan bir şehri ifade eder.,A
일,iş,isim,명,Çalışma veya emek anlamında kullanılır.,A
일,bir,sayı,수,1 sayısını ifade eder.,A
일,bir gün,isim,의,Belirli bir günü ifade eder.,A
일곱,yedi,sayı,수,7 sayısını ifade eder.,A
일본,Japonya,isim,고,Ülke ismini ifade eder.,A
일본어,Japonca,isim,명,Dil ismini ifade eder.,A
일어나다,kalkmak,fiil,동,Uyanmak veya yerinden kalkmayı ifade eder.,A
일요일,Pazar,isim,명,Haftanın son günü olarak kullanılır.,A
일월,Ocak,isim,명,Takvim aylarından biridir.,A
일주일,bir hafta,isim,명,7 günü kapsayan zaman dilimini ifade eder.,A
일찍,erken,zarf,부,Zaman açısından erken gerçekleşen eylemi belirtir.,A
일하다,çalışmak,fiil,동,Emek harcamayı ifade eder.,A
일흔,yetmiş,sayı,수,70 sayısını ifade eder.,A
읽다,okumak,fiil,동,Yazılı metni gözden geçirmeyi ifade eder.,A
잃다,kaybetmek,fiil,동,Bir şeyi elden çıkarmayı ifade eder.,A
잃어버리다,kaybetmek,fiil,동,Tamamen unutmayı veya kaybetmeyi ifade eder.,A
입,ağız,isim,명,Yemek yemek veya konuşmak için kullanılan organı ifade eder.,A
입다,giymek,fiil,동,Üst giysi veya aksesuar kullanmayı ifade eder.,A
있다,var olmak,fiil,동,Bir şeyin mevcut olduğunu belirtir.,A
잊다,unutmak,fiil,동,Bilgiyi hatırlayamamayı ifade eder.,A
잊어버리다,unutmak,fiil,동,Tamamen hafızadan silmeyi ifade eder.,A
잎,yaprak,isim,명,Bitkilerin yeşil kısmını ifade eder.,A
자다,uyumak,fiil,동,Dinlenmek için uykuya dalmayı ifade eder.,A
자동차,araba,isim,명,Motorlu taşıtı ifade eder.,A
자리,yer,isim,명,Oturma veya konum belirten alanı ifade eder.,A
자신,"kendisi, öz",zamir,대,Kendi hakkında konuşurken veya özne olarak kullanılır.,A
자장면,jajangmyeon,isim,명,Kore'nin popüler Çin yemeğini ifade eder.,A
자전거,bisiklet,isim,명,"İki tekerlekli, insan gücüyle çalışan taşıtı ifade eder.",A
자주,sürekli,zarf,부,Tekrar eden eylemleri belirtir.,A
작년,geçen yıl,isim,명,Bir önceki yılı ifade eder.,A
작다,küçük olmak,fiil,형,Boyut veya miktarın az olduğunu belirtir.,A
잔,bardak,isim,명,İçeceklerin servis edildiği kabı ifade eder.,A
잘,iyi,zarf,부,Eylemin olumlu şekilde gerçekleştiğini belirtir.,A
잘하다,iyi yapmak,fiil,동,Bir işi başarıyla gerçekleştirmeyi ifade eder.,A
잠,uyku,isim,명,Dinlenmek için uyuma halini ifade eder.,A
잠깐,biraz,zarf,부,Kısa süreli zaman belirtir.,A
잠시,biraz,zarf,부,Kısa süreyi ifade eder.,A
잠자다,uykuya dalmak,fiil,동,Uykuya geçiş eylemini ifade eder.,A
잡다,yakalamak,fiil,동,Bir şeyi tutup ele geçirmeyi ifade eder.,A
잡수시다,yemek yemek (saygılı),fiil,동,Saygılı ifadeyle yemek yemeyi ifade eder.,A
잡지,dergi,isim,명,Yazılı yayın anlamında kullanılır.,A
장,parça,ölçü birimi,의,Düz ve ince nesneleri saymak için kullanılır.,A
장미,gül,isim,명,Çiçek türlerinden birini ifade eder.,A
장소,mekan,isim,명,Belirli bir alan veya yeri ifade eder.,A
재미,eğlence,isim,명,Hoş vakit geçirme hissini ifade eder.,A
재미없다,sıkıcı olmak,fiil,형,İlgi çekmeyen veya can sıkıcı bir durumu ifade eder.,A
재미있다,eğlenceli olmak,fiil,형,Hoş ve keyifli bir deneyim sunduğunu ifade eder.,A
저,şu,zamir,대,Uzakta bulunan nesneyi işaret eder.,A
저,şey,belirteç,관,Tereddüt veya dolaylı ifade için kullanılır.,A
저거,şu şey,zamir,대,Uzakta işaret edilen nesneyi ifade eder.,A
저것,şu şey,zamir,대,Uzakta bulunan nesneyi ifade eder.,A
저곳,şu yer,zamir,대,Uzakta bulunan yeri ifade eder.,A
저기,şurada,zamir,대,Uzakta işaret edilen yeri ifade eder.,A
저녁,akşam,isim,명,Gün batımından sonraki zaman dilimini ifade eder.,A
저쪽,o taraf,zamir,대,Uzakta veya belirli bir yöne işaret eder.,A
적다,yazmak,fiil,동,Bir şeyi yazılı olarak kaydetmeyi ifade eder.,A
적다,az olmak,fiil,형,Miktarın yetersiz olduğunu ifade eder.,A
전,önce,belirteç,관,Bir olaydan önceki zamanı ifade eder.,A
전,eski,isim,명,Önceki durum veya kimliği belirtir.,A
전통,gelenek,isim,명,Kültürel veya tarihsel gelenekleri ifade eder.,A
전화,telefon,isim,명,Sesli iletişim aracıdır.,A
전화번호,telefon numarası,isim,명,Bir telefonun numarasını ifade eder.,A
전화하다,telefon etmek,fiil,동,Telefonla iletişim kurmayı ifade eder.,A
점심,öğle yemeği,isim,명,Öğle öğününü ifade eder.,A
점심시간,öğle vakti,isim,명,Öğle yemeğinin yenildiği zaman dilimini ifade eder.,A
젓가락,çubuk,isim,명,Asya mutfağında yemek yerken kullanılan araçtır.,A
정류장,durak,isim,명,Toplu taşıma araçlarının duraklarını ifade eder.,A
정말,gerçekten,zarf,부,Yoğun onay veya vurgulama ifadesi verir.,A
제일,en,isim,명,En üst düzey veya en çok anlamında kullanılır.,A
제주도,Jeju Adası,isim,고,Güney Kore’de turistik bir ada.,A
조금,azıcık,isim,명,Miktar veya derecenin küçük olduğunu ifade eder.,A
조금,biraz,zarf,부,Az miktarda olduğunu belirtir.,A
조용하다,sessiz olmak,fiil,형,Sakin ve sessiz bir ortamı ifade eder.,A
졸업,mezuniyet,isim,명,Eğitim sürecinin tamamlanmasını ifade eder.,A
졸업하다,mezun olmak,fiil,동,Eğitim kurumundan mezun olma eylemini ifade eder.,A
좀,biraz,zarf,부,Miktar veya derecenin küçük olduğunu belirtir.,A
좁다,dar olmak,sıfat (fiil),형,Mekânların veya alanların dar olduğunu belirtir.,A
종이,kağıt,isim,명,Yazı yazma veya basım amacıyla kullanılan malzemeyi ifade eder.,A
좋다,iyi olmak,fiil,형,Kalite veya memnuniyeti ifade eder.,A
좋아하다,sevmek,fiil,동,Bir şeye karşı olumlu duygu beslemeyi ifade eder.,A
죄송하다,özür dilemek,fiil,형,"Özür ifadesi, pişmanlık belirtir.",A
주,hafta,isim,명,Zaman ölçüsü olarak haftayı ifade eder.,A
주,bir hafta,ölçü birimi,의,Hafta ölçüsünü belirtir.,A
주다,vermek,fiil,동,Bir şeyi teslim etmek veya hediye etmek anlamında kullanılır.,A
주다,vermek (saygılı),yardımcı fiil,보,Saygılı ifade ile verilen eylemi belirtir.,A
주말,haftasonu,isim,명,Haftanın tatil günlerini ifade eder.,A
주소,adres,isim,명,Bir yerin konumunu ifade eden bilgidir.,A
주스,meyve suyu,isim,명,Meyveden elde edilen sıvı içecektir.,A
주인,sahip,isim,명,Bir evin veya işletmenin sahibi anlamında kullanılır.,A
죽다,ölmek,fiil,동,Hayatın sona ermesini ifade eder.,A
준비,hazırlık,isim,명,Bir eylem öncesi düzenlemeyi ifade eder.,A
준비하다,hazırlanmak,fiil,동,Bir işe veya duruma hazırlanmayı ifade eder.,A
중국,Çin,isim,고,Ülke ismini ifade eder.,A
중국어,Çince,isim,명,Dil ismini ifade eder.,A
중요하다,önemli olmak,fiil,형,Bir şeyin değerli veya kritik olduğunu ifade eder.,A
중학교,ortaokul,isim,명,İlk ve orta dereceler arasında yer alan eğitim kurumudur.,A
중학생,ortaokul öğrencisi,isim,명,Ortaokula devam eden öğrenciyi ifade eder.,A
즐겁다,keyifli olmak,fiil,형,"Hoş, eğlenceli bir duygu veya ortam sunar.",A
즐기다,keyif almak,fiil,동,Olumlu duyguları ve zevki ifade etmek için kullanılır.,A
지갑,cüzdan,isim,명,Para ve kartların saklandığı küçük çantayı ifade eder.,A
지금,şimdi,isim,명,Mevcut zamanı ifade eder.,A
지난달,geçen ay,isim,명,Bir önceki ayı ifade eder.,A
지난주,geçen hafta,isim,명,Bir önceki haftayı ifade eder.,A
지내다,geçirmek,fiil,동,Zamanın nasıl geçtiğini ifade eder.,A
지도,harita,isim,명,Coğrafi yerleri gösteren çizimi ifade eder.,A
지우개,silgi,isim,명,Yazıyı veya çizgiyi silmek için kullanılan aracı ifade eder.,A
지우다,silmek,fiil,동,Yazılı veya çizili olanı temizlemeyi ifade eder.,A
지하,yeraltı,isim,명,Yerin altında bulunan alanı ifade eder.,A
지하철,metro,isim,명,Yer altından geçen toplu taşıma aracını ifade eder.,A
질문,soru,isim,명,Merak edilen veya açıklama beklenen konuyu ifade eder.,A
질문하다,sormak,fiil,동,Bilgi almak amacıyla soru yöneltmeyi ifade eder.,A
집,ev,isim,명,Yaşanılan konutu ifade eder.,A
짜다,tuzlu olmak,fiil,형,Yiyeceğin tuz oranının yüksek olduğunu ifade eder.,A
짧다,kısa olmak,fiil,형,Boyut veya süre olarak az olduğunu ifade eder.,A
쪽,taraf,ölçü birimi,의,Yön veya belirli bir alanı saymak için kullanılır.,A
찌개,güveç,isim,명,"Genellikle sebze ve et içeren, sıcak servis edilen yemeği ifade eder.",A
찍다,damgalamak,fiil,동,Bir şeyi damgalayarak mühürlemeyi ifade eder.,A
차,araba,isim,명,Motorlu taşıtı ifade eder.,A
차,çay,isim,명,Bitkisel demleme içeceği ifade eder.,A
참,gerçekten,zarf,부,Vurgulama amacıyla kullanılır.,A
창문,pencere,isim,명,Işık girişi ve havalandırma için kullanılan yapıyı ifade eder.,A
찾다,aramak,fiil,동,Bir şeyi bulmak amacıyla araştırmayı ifade eder.,A
책,kitap,isim,명,Yazılı bilgi içeren basılı eseri ifade eder.,A
책상,masa,isim,명,Üzerinde çalışma veya eşya konulan mobilyayı ifade eder.,A
처음,ilk,isim,명,Bir şeyin başlangıcını ifade eder.,A
천,bin,sayı,수,1000 sayısını ifade eder.,A
천천히,yavaşça,zarf,부,Eylemin yavaş gerçekleştiğini ifade eder.,A
첫째,ilk,belirteç,관,Sıralamada ilk olanı ifade eder.,A
청바지,kot,isim,명,Kot kumaştan yapılan pantolonu ifade eder.,A
청소,temizlik,isim,명,Bir alanın düzenlenmesini ifade eder.,A
청소하다,temizlemek,fiil,동,Kir veya tozu gidermeyi ifade eder.,A
초대,davet,isim,명,Bir etkinliğe katılmaya çağırmayı ifade eder.,A
초대하다,davet etmek,fiil,동,Birine katılma daveti göndermeyi ifade eder.,A
초등학교,ilkokul,isim,명,Temel eğitim kurumu olarak kullanılır.,A
초콜릿,çikolata,isim,명,Kakao bazlı tatlı gıdayı ifade eder.,A
추다,dans etmek,fiil,동,Ritmik hareketlerle dans etmeyi ifade eder.,A
축구,futbol,isim,명,Topla oynanan takım sporunu ifade eder.,A
축제,festival,isim,명,Geleneksel veya modern kutlamalarda düzenlenen etkinlik.,A
축하하다,kutlamak,fiil,동,Sevinç veya başarı durumunda tebrik etmeyi ifade eder.,A
출발하다,yola çıkmak,fiil,동,Bir yolculuğa veya eyleme başlamayı ifade eder.,A
춤,dans,isim,명,Ritmik hareketlerle yapılan sanatsal etkinliği ifade eder.,A
춤추다,dans etmek,fiil,동,Dans etme eylemini ifade eder.,A
춥다,soğuk olmak,fiil,형,Dış veya iç ortamın düşük sıcaklıkta olduğunu belirtir.,A
취미,hobiler,isim,명,Boş zaman etkinliğini ifade eder.,A
층,kat,isim,명,Bina veya yapının bölümlerinden birini ifade eder.,A
치다,saldırmak,fiil,동,Fiziksel saldırı veya darbe indirmeyi ifade eder.,A
치마,etek,isim,명,Kadın giyim eşyasını ifade eder.,A
치약,diş macunu,isim,명,Diş temizliğinde kullanılan maddeyi ifade eder.,A
친구,arkadaş,isim,명,Sosyal ilişki içindeki kişiyi ifade eder.,A
친절하다,nazik olmak,fiil,형,Yardımseverlik veya iyi niyet göstermeyi ifade eder.,A
칠,yedi,sayı,수,7 sayısını ifade eder.,A
칠십,yetmiş,sayı,수,70 sayısını ifade eder.,A
칠월,temmuz,isim,명,Takvim aylarından biridir.,A
칠판,tahta,isim,명,Derslikte kullanılan yazı tahtasını ifade eder.,A
침대,yatak,isim,명,Uyumak için kullanılan mobilyayı ifade eder.,A
칫솔,diş fırçası,isim,명,Diş temizliğinde kullanılan aracı ifade eder.,A
카드,kart,isim,명,"Oyun, ödeme veya tanıtım amacıyla kullanılan nesneyi ifade eder.",A
카메라,kamera,isim,명,Fotoğraf veya video çekmek için kullanılan cihazı ifade eder.,A
칼,bıçak,isim,명,Kesme amaçlı kullanılan kesici aleti ifade eder.,A
캐나다,Kanada,isim,고,Ülke ismini ifade eder.,A
커피,kahve,isim,명,Kafein içeren sıcak veya soğuk içeceği ifade eder.,A
컴퓨터,bilgisayar,isim,명,İşlem yapan elektronik cihazı ifade eder.,A
컵,bardak,isim,명,İçecek içmek için kullanılan kabı ifade eder.,A
켜다,açmak,fiil,동,Cihazı çalıştırmak veya ışığı yakmayı ifade eder.,A
코,burun,isim,명,Koku alma organını ifade eder.,A
콜라,kola,isim,명,Gazlı içeceği ifade eder.,A
크다,büyük olmak,fiil,동,Boyut veya hacmin fazla olduğunu belirtir.,A
크리스마스,Noel,isim,명,Hristiyan bayramı olan Noel’i ifade eder.,A
키,boy,isim,명,Kişinin boy uzunluğunu ifade eder.,A
타다,binmek,fiil,동,Araçla yolculuk etmeyi ifade eder.,A
태권도,taekwondo,isim,명,Kore dövüş sanatı olan taekwondoyu ifade eder.,A
태어나다,doğmak,fiil,동,"Hayatın başlangıcını, dünyaya gelmeyi ifade eder.",A
택시,taksi,isim,명,Ücretli ulaşım aracını ifade eder.,A
테니스,tenis,isim,명,Raketi ve topu kullanılan sporu ifade eder.,A
테이블,masa,isim,명,Üzerinde yemek veya çalışma yapılan mobilyayı ifade eder.,A
텔레비전,televizyon,isim,명,Görüntü ve ses yayını yapan cihazı ifade eder.,A
텔레비전,TV,isim,명,Televizyon.,A
토요일,Cumartesi,isim,명,Haftanın altıncı günü olarak kullanılır.,A
특별하다,özel olmak,sıfat (fiil),형,"Diğerlerinden farklı, özel olduğunu ifade eder.",A
팀,takım,isim,명,Bir arada hareket eden grubu ifade eder.,A
파란색,mavi,isim,명,Renk olarak mavi tonunu ifade eder.,A
파티,parti,isim,명,Kutlama veya eğlence amacıyla toplanmayı ifade eder.,A
팔,kol,isim,명,Üst uzvu ifade eder.,A
팔,sekiz,sayı,수,8 sayısını ifade eder.,A
팔다,satmak,fiil,동,Bir ürünü veya hizmeti parayla değiştirmeyi ifade eder.,A
팔십,seksen,sayı,수,80 sayısını ifade eder.,A
팔월,Ağustos,isim,명,Takvim aylarından biridir.,A
퍼센트,yüzde,ölçü birimi,의,Miktarın yüzdelik oranını belirtir.,A
편지,mektup,isim,명,Yazılı iletişim aracını ifade eder.,A
편하다,"rahat olmak, konforlu olmak",sıfat (fiil),형,"Mekân, giysi veya durumun rahatlığını belirtir.",A
포도,üzüm,isim,명,Meyve türlerinden birini ifade eder.,A
표,işaret,isim,명,Bir şeyi belirten sembol veya göstergeyi ifade eder.,A
표,bilet,isim,명,"İspat niteliğinde olabilecek bir not. Buna tren bileti, gemi bileti, uçak bileti, giriş bileti gibi şeyler dahildir.",A
프랑스,Fransa,isim,고,Ülke ismini ifade eder.,A
피곤하다,yorgun olmak,fiil,형,Aşırı yorgunluk hissini ifade eder.,A
피아노,piyano,isim,명,Klavyeli müzik aletini ifade eder.,A
피우다,yakmak,fiil,동,Ateşi veya duman çıkarmayı ifade eder.,A
피자,pizza,isim,명,"İtalyan kökenli, fırında pişirilen yiyeceği ifade eder.",A
필요,ihtiyaç,isim,명,Gereksinim duyulan şeyi ifade eder.,A
필요하다,ihtiyaç duymak,fiil,형,Bir şeye gereksinim hissetmeyi ifade eder.,A
하나,bir,sayı,수,1 sayısını ifade eder.,A
하늘,gökyüzü,isim,명,Gökyüzündeki mavi veya bulutlu alanı ifade eder.,A
하다,yapmak,fiil,동,Herhangi bir eylemi gerçekleştirmeyi ifade eder.,A
하지만,ama,zarf,부,Zıtlık ifade eder.,A
학교,okul,isim,명,Eğitim kurumunu ifade eder.,A
학년,sınıf,isim,명,Eğitimdeki sınıf düzeyini veya yılını ifade eder.,A
학생,öğrenci,isim,명,Eğitim gören kişiyi ifade eder.,A
한,bir,belirteç,관,Tek birliği belirtir.,A
한강,Han Nehri,isim,고,Seul’den geçen ünlü nehri ifade eder.,A
한국,Kore,isim,고,Ülke ismini ifade eder.,A
한국말,Korece,isim,명,Kore dilinin halk arasında kullanılan adını ifade eder.,A
한국어,Korece,isim,명,Kore dilinin resmi adını ifade eder.,A
한글,Kore alfabesi,isim,명,Korece yazım sistemini ifade eder.,A
한번,bir kez,isim,명,Tek seferlik olmayı ifade eder.,A
한복,hanbok,isim,명,Geleneksel Kore kıyafetini ifade eder.,A
한자,Çince karakter,isim,명,Çin kökenli yazı sistemini ifade eder.,A
할머니,büyükanne,isim,명,Anne tarafından kullanılan yaşlı kadın hitabını ifade eder.,A
할아버지,büyükbaba,isim,명,Baba tarafından kullanılan yaşlı erkek hitabını ifade eder.,A
함께,birlikte,zarf,부,Eş zamanlılık veya beraberlik ifade eder.,A
항상,daima,zarf,부,Sürekli ve kesintisiz olarak kullanılır.,A
해,güneş,isim,명,Gündüz ışığını sağlayan yıldızı ifade eder.,A
해,yıl,ölçü birimi,의,Zaman ölçüsü olarak yılı ifade eder.,A
핸드폰,cep telefonu,isim,명,Mobil iletişim aracını ifade eder.,A
햄버거,hamburger,isim,명,Sandviç türü olup genellikle et içerir.,A
허리,bel,isim,명,"Vücudun orta kısmı, bel bölgesini ifade eder.",A
형,abi,isim,명,Erkek kardeşlerden yaşça büyük olanı ifade eder.,A
호,numara,ölçü birimi,의,belirli bir sıraya göre numaralandırmak için kullanılan terim.,A
호주,Avustralya,isim,고,Ülke ismini ifade eder.,A
호텔,otel,isim,명,Konaklama hizmeti sunan tesisi ifade eder.,A
혼자,yalnız,isim,명,Tek başına olmayı veya yalnızlığı ifade eder.,A
화,öfke,isim,명,Sinir veya öfke durumunu ifade eder.,A
화요일,Salı,isim,명,Haftanın ikinci iş gününü ifade eder.,A
화장실,tuvalet,isim,명,"İnsanların doğal ihtiyaçlarını gidermesi için tasarlanmış, genellikle içinde klozet veya hela bulunan alan.",A
환자,hasta,isim,명,Sağlık hizmeti alan kişiyi ifade eder.,A
회사,şirket,isim,명,Ticari işletmeyi ifade eder.,A
회의,toplantı,isim,명,İnsanların bir araya gelip konuştukları etkinliği ifade eder.,A
후,sonra,isim,명,Bir olayın ardından gelen zamanı ifade eder.,A
휴일,tatil,isim,명,Resmi veya özel tatil gününü ifade eder.,A
휴지,tuvalet kağıdı,isim,명,Temizlik amacıyla kullanılan kağıdı ifade eder.,A
휴지통,çöp kutusu,isim,명,Atık kağıtların veya çöplerin toplandığı kabı ifade eder.,A
흰색,gri,isim,명,Renk olarak gri tonunu ifade eder.,A
힘,güç,isim,명,Fiziksel veya mecazi kuvveti ifade eder.,A
힘들다,zor olmak,fiil,형,Zorluk veya çaba gerektiren durumu ifade eder.,A